order_id,worker_id,estimated_profit
10492,58,12.8999
10492,110,12.90851
10492,149,11.73255
10492,411,12.59131
10492,475,11.77664
10492,770,11.79058
10492,772,11.71239
10492,813,11.62505
10492,935,11.47021
10492,976,10.552
10492,1057,9.60687
10492,1072,11.79669
10492,1096,10.93892
10492,1121,11.76806
10492,1279,11.76455
10492,1339,11.7779
10492,1493,10.82643
10492,1511,11.77551
10492,1534,9.45332
10492,1751,12.74008
10492,1886,12.88792
10492,2129,12.17336
10492,2253,11.77141
10492,2318,11.76374
10492,2353,11.70297
10492,2679,12.87982
10492,2971,12.88402
10492,3026,11.45865
10492,3036,10.50728
10492,3114,12.59843
10492,3121,12.88404
10492,3124,10.1111
10492,3363,11.74889
10492,3364,12.53758
10492,3562,12.86067
10492,3970,11.42329
10492,3986,11.83174
10492,4044,7.5931
10492,4244,13.09705
10492,1048,9.83671
20434,58,13.6034
20434,110,13.6191
20434,149,12.48665
20434,411,13.34948
20434,475,12.52277
20434,770,12.54065
20434,772,12.47206
20434,813,12.38534
20434,935,12.22319
20434,976,11.18189
20434,1057,10.23749
20434,1072,12.54832
20434,1096,11.70061
20434,1121,12.51425
20434,1279,12.50614
20434,1339,12.52072
20434,1493,11.46994
20434,1511,12.52504
20434,1534,10.09789
20434,1751,13.47752
20434,1886,13.57022
20434,2129,12.84536
20434,2253,12.51442
20434,2318,12.50914
20434,2353,12.46064
20434,2679,13.57479
20434,2971,13.58547
20434,3026,12.17254
20434,3036,11.19462
20434,3114,13.35639
20434,3121,13.56171
20434,3124,10.73478
20434,3363,12.49111
20434,3364,13.26673
20434,3562,13.54704
20434,3970,12.14082
20434,3986,12.59299
20434,4044,8.21808
20434,4244,13.76211
20434,1048,10.55085
58536,58,11.17393
58536,110,11.19946
58536,149,12.25319
58536,411,11.45346
58536,475,12.53239
58536,770,12.406
58536,772,11.94142
58536,813,11.85789
58536,935,12.20102
58536,976,8.7463
58536,1057,8.57761
58536,1072,12.35115
58536,1096,11.12706
58536,1121,12.53315
58536,1279,12.65146
58536,1339,12.61807
58536,1493,8.98579
58536,1511,12.4262
58536,1534,7.61372
58536,1751,11.23877
58536,1886,11.11068
58536,2129,10.41481
58536,2253,12.6176
58536,2318,12.5573
58536,2353,12.07205
58536,2679,11.13587
58536,2971,11.15702
58536,3026,11.98204
58536,3036,10.73041
58536,3114,11.44836
58536,3121,11.09685
58536,3124,8.77503
58536,3363,12.6488
58536,3364,11.08347
58536,3562,11.09751
58536,3970,12.03741
58536,3986,11.80508
58536,4044,6.4032
58536,4244,11.32797
58536,1048,10.59373
13922,58,12.71529
13922,110,12.7238
13922,149,11.56373
13922,411,12.4116
13922,475,11.61101
13922,770,11.6235
13922,772,11.54009
13922,813,11.45215
13922,935,11.30195
13922,976,10.382
13922,1057,9.4508
13922,1072,11.62897
13922,1096,10.7629
13922,1121,11.60242
13922,1279,11.60037
13922,1339,11.61335
13922,1493,10.65148
13922,1511,11.60864
13922,1534,9.27814
13922,1751,12.55623
13922,1886,12.70458
13922,2129,11.99218
13922,2253,11.6068
13922,2318,11.59836
13922,2353,11.53217
13922,2679,12.69558
13922,2971,12.69949
13922,3026,11.30074
13922,3036,10.3528
13922,3114,12.41861
13922,3121,12.70117
13922,3124,9.95221
13922,3363,11.58453
13922,3364,12.35309
13922,3562,12.67706
13922,3970,11.26476
13922,3986,11.65754
13922,4044,7.43498
13922,4244,12.93546
13922,1048,9.67889
26719,58,8.82639
26719,110,8.80531
26719,149,7.60893
26719,411,8.63085
26719,475,7.499
26719,770,7.57341
26719,772,7.79413
26719,813,7.77179
26719,935,7.36047
26719,976,9.00067
26719,1057,6.18773
26719,1072,7.60772
26719,1096,7.5633
26719,1121,7.49205
26719,1279,7.43133
26719,1339,7.45757
26719,1493,9.83299
26719,1511,7.55091
26719,1534,9.2424
26719,1751,8.82699
26719,1886,8.86498
26719,2129,9.58076
26719,2253,7.45397
26719,2318,7.47728
26719,2353,7.69487
26719,2679,8.85916
26719,2971,8.84485
26719,3026,6.96131
26719,3036,6.02967
26719,3114,8.63587
26719,3121,8.87176
26719,3124,7.08707
26719,3363,7.424
26719,3364,8.99989
26719,3562,8.88874
26719,3970,6.93688
26719,3986,8.00022
26719,4044,4.78055
26719,4244,8.58718
26719,1048,5.34384
58590,58,9.21323
58590,110,9.23872
58590,149,10.29923
58590,411,9.49105
58590,475,10.57454
58590,770,10.44917
58590,772,9.98624
58590,813,9.9042
58590,935,10.25992
58590,976,6.78996
58590,1057,6.63934
58590,1072,10.39438
58590,1096,9.17912
58590,1121,10.57603
58590,1279,10.68893
58590,1339,10.65641
58590,1493,7.02635
58590,1511,10.47005
58590,1534,5.65408
58590,1751,9.27696
58590,1886,9.15025
58590,2129,8.45341
58590,2253,10.65662
58590,2318,10.59995
58590,2353,10.11803
58590,2679,9.17519
58590,2971,9.19627
58590,3026,10.06184
58590,3036,8.81127
58590,3114,9.48597
58590,3121,9.1365
58590,3124,6.83045
58590,3363,10.68844
58590,3364,9.12114
58590,3562,9.13691
58590,3970,10.11957
58590,3986,9.84683
58590,4044,4.46323
58590,4244,9.36895
58590,1048,8.68344
3975,58,10.47533
3975,110,10.50116
3975,149,11.84826
3975,411,10.86859
3975,475,11.56407
3975,770,11.68799
3975,772,11.68623
3975,813,11.60667
3975,935,11.63754
3975,976,7.93586
3975,1057,7.40719
3975,1072,11.73887
3975,1096,10.84773
3975,1121,11.56552
3975,1279,11.43339
3975,1339,11.46823
3975,1493,8.28382
3975,1511,11.67208
3975,1534,6.93069
3975,1751,10.60739
3975,1886,10.40158
3975,2129,9.78944
3975,2253,11.47329
3975,2318,11.54164
3975,2353,11.82087
3975,2679,10.43806
3975,2971,10.46201
3975,3026,10.66725
3975,3036,9.41511
3975,3114,10.86118
3975,3121,10.38465
3975,3124,7.69864
3975,3363,11.44866
3975,3364,10.51313
3975,3562,10.39799
3975,3970,10.72247
3975,3986,11.51345
3975,4044,5.26241
3975,4244,10.54154
3975,1048,9.3608
36381,58,10.65301
36381,110,10.66871
36381,149,9.53626
36381,411,10.39909
36381,475,9.57238
36381,770,9.59026
36381,772,9.52167
36381,813,9.43495
36381,935,9.2728
36381,976,8.2315
36381,1057,7.2871
36381,1072,9.59793
36381,1096,8.75022
36381,1121,9.56386
36381,1279,9.55575
36381,1339,9.57033
36381,1493,8.51955
36381,1511,9.57465
36381,1534,7.1475
36381,1751,10.52713
36381,1886,10.61983
36381,2129,9.89497
36381,2253,9.56403
36381,2318,9.55875
36381,2353,9.51025
36381,2679,10.6244
36381,2971,10.63508
36381,3026,9.22215
36381,3036,8.24423
36381,3114,10.406
36381,3121,10.61132
36381,3124,7.78439
36381,3363,9.54072
36381,3364,10.31634
36381,3562,10.59666
36381,3970,9.19043
36381,3986,9.6426
36381,4044,5.26769
36381,4244,10.81173
36381,1048,7.60046
46163,58,10.2161
46163,110,10.24163
46163,149,11.29536
46163,411,10.49563
46163,475,11.57456
46163,770,11.44817
46163,772,10.98359
46163,813,10.90005
46163,935,11.24319
46163,976,7.78847
46163,1057,7.61978
46163,1072,11.39332
46163,1096,10.16923
46163,1121,11.57532
46163,1279,11.69363
46163,1339,11.66024
46163,1493,8.02796
46163,1511,11.46837
46163,1534,6.65589
46163,1751,10.28094
46163,1886,10.15285
46163,2129,9.45698
46163,2253,11.65977
46163,2318,11.59947
46163,2353,11.11422
46163,2679,10.17803
46163,2971,10.19919
46163,3026,11.02421
46163,3036,9.77258
46163,3114,10.49053
46163,3121,10.13902
46163,3124,7.8172
46163,3363,11.69097
46163,3364,10.12564
46163,3562,10.13968
46163,3970,11.07958
46163,3986,10.84725
46163,4044,5.44537
46163,4244,10.37013
46163,1048,9.6359
58562,58,7.46892
58562,110,7.44473
58562,149,6.05554
58562,411,7.02531
58562,475,6.12356
58562,770,6.12209
58562,772,6.05033
58562,813,5.97097
58562,935,5.79505
58562,976,9.41431
58562,1057,6.88574
58562,1072,6.12385
58562,1096,5.37067
58562,1121,6.11488
58562,1279,6.13509
58562,1339,6.14132
58562,1493,8.83273
58562,1511,6.10888
58562,1534,7.91756
58562,1751,7.29053
58562,1886,7.54483
58562,2129,7.89543
58562,2253,6.13391
58562,2318,6.11428
58562,2353,6.02908
58562,2679,7.50278
58562,2971,7.47861
58562,3026,6.0896
58562,3036,5.67846
58562,3114,7.03369
58562,3121,7.56277
58562,3124,7.85261
58562,3363,6.11628
58562,3364,7.27247
58562,3562,7.54102
58562,3970,6.01766
58562,3986,6.19483
58562,4044,5.6017
58562,4244,7.4283
58562,1048,4.59663
39217,58,7.00142
39217,110,6.99161
39217,149,6.20076
39217,411,6.62915
39217,475,6.43542
39217,770,6.34867
39217,772,5.99898
39217,813,5.89456
39217,935,6.04012
39217,976,8.11243
39217,1057,10.66212
39217,1072,6.31353
39217,1096,5.11136
39217,1121,6.42901
39217,1279,6.5337
39217,1339,6.51314
39217,1493,7.33066
39217,1511,6.35217
39217,1534,6.8838
39217,1751,6.79381
39217,1886,7.0541
39217,2129,6.89511
39217,2253,6.50499
39217,2318,6.44509
39217,2353,6.0665
39217,2679,7.01221
39217,2971,6.99695
39217,3026,7.06731
39217,3036,7.77922
39217,3114,6.63563
39217,3121,7.06821
39217,3124,10.06486
39217,3363,6.51084
39217,3364,6.63811
39217,3562,7.03021
39217,3970,6.96929
39217,3986,6.02311
39217,4044,11.57464
39217,4244,7.16686
39217,1048,6.51294
46124,58,11.67546
46124,110,11.70095
46124,149,12.76146
46124,411,11.95328
46124,475,13.03676
46124,770,12.9114
46124,772,12.44846
46124,813,12.36643
46124,935,12.72214
46124,976,9.25219
46124,1057,9.10157
46124,1072,12.85661
46124,1096,11.64135
46124,1121,13.03825
46124,1279,13.15115
46124,1339,13.11864
46124,1493,9.48857
46124,1511,12.93228
46124,1534,8.1163
46124,1751,11.73919
46124,1886,11.61248
46124,2129,10.91563
46124,2253,13.11884
46124,2318,13.06218
46124,2353,12.58025
46124,2679,11.63742
46124,2971,11.6585
46124,3026,12.52406
46124,3036,11.2735
46124,3114,11.9482
46124,3121,11.59872
46124,3124,9.29267
46124,3363,13.15067
46124,3364,11.58337
46124,3562,11.59914
46124,3970,12.5818
46124,3986,12.30906
46124,4044,6.92546
46124,4244,11.83118
46124,1048,11.14567
42551,58,12.70429
42551,110,12.73006
42551,149,13.8383
42551,411,13.00225
42551,475,14.11539
42551,770,13.99036
42551,772,13.52651
42551,813,13.44298
42551,935,13.77017
42551,976,10.25233
42551,1057,10.02505
42551,1072,13.93555
42551,1096,12.70849
42551,1121,14.11722
42551,1279,14.15769
42551,1339,14.16739
42551,1493,10.50867
42551,1511,14.01103
42551,1534,9.13815
42551,1751,12.77925
42551,1886,12.63901
42551,2129,11.95192
42551,2253,14.1748
42551,2318,14.14102
42551,2353,13.65718
42551,2679,12.66604
42551,2971,12.68777
42551,3026,13.40378
42551,3036,12.15194
42551,3114,12.99679
42551,3121,12.62462
42551,3124,10.23842
42551,3363,14.18022
42551,3364,12.63123
42551,3562,12.62716
42551,3970,13.45887
42551,3986,13.38788
42551,4044,7.85483
42551,4244,12.84644
42551,1048,12.029
52331,58,6.74414
52331,110,6.76991
52331,149,7.87815
52331,411,7.0421
52331,475,8.15525
52331,770,8.03021
52331,772,7.56636
52331,813,7.48284
52331,935,7.81002
52331,976,4.29219
52331,1057,4.0649
52331,1072,7.9754
52331,1096,6.74834
52331,1121,8.15707
52331,1279,8.19754
52331,1339,8.20724
52331,1493,4.54853
52331,1511,8.05088
52331,1534,3.178
52331,1751,6.8191
52331,1886,6.67886
52331,2129,5.99177
52331,2253,8.21466
52331,2318,8.18087
52331,2353,7.69704
52331,2679,6.7059
52331,2971,6.72762
52331,3026,7.44363
52331,3036,6.19179
52331,3114,7.03664
52331,3121,6.66448
52331,3124,4.27827
52331,3363,8.22007
52331,3364,6.67108
52331,3562,6.66701
52331,3970,7.49873
52331,3986,7.42773
52331,4044,1.89468
52331,4244,6.88629
52331,1048,6.06885
10635,58,10.45137
10635,110,10.47689
10635,149,11.53063
10635,411,10.73089
10635,475,11.80982
10635,770,11.68343
10635,772,11.21886
10635,813,11.13532
10635,935,11.47846
10635,976,8.02374
10635,1057,7.85504
10635,1072,11.62858
10635,1096,10.40449
10635,1121,11.81058
10635,1279,11.92889
10635,1339,11.8955
10635,1493,8.26322
10635,1511,11.70363
10635,1534,6.89115
10635,1751,10.5162
10635,1886,10.38811
10635,2129,9.69225
10635,2253,11.89503
10635,2318,11.83474
10635,2353,11.34948
10635,2679,10.4133
10635,2971,10.43445
10635,3026,11.25947
10635,3036,10.00784
10635,3114,10.72579
10635,3121,10.37428
10635,3124,8.05246
10635,3363,11.92623
10635,3364,10.3609
10635,3562,10.37494
10635,3970,11.31484
10635,3986,11.08251
10635,4044,5.68064
10635,4244,10.6054
10635,1048,9.87116
49342,58,8.83493
49342,110,8.86042
49342,149,9.92093
49342,411,9.11275
49342,475,10.19624
49342,770,10.07087
49342,772,9.60794
49342,813,9.5259
49342,935,9.88162
49342,976,6.41166
49342,1057,6.26104
49342,1072,10.01608
49342,1096,8.80082
49342,1121,10.19773
49342,1279,10.31062
49342,1339,10.27811
49342,1493,6.64804
49342,1511,10.09175
49342,1534,5.27577
49342,1751,8.89866
49342,1886,8.77195
49342,2129,8.07511
49342,2253,10.27832
49342,2318,10.22165
49342,2353,9.73972
49342,2679,8.79689
49342,2971,8.81797
49342,3026,9.68353
49342,3036,8.43297
49342,3114,9.10767
49342,3121,8.75819
49342,3124,6.45214
49342,3363,10.31014
49342,3364,8.74284
49342,3562,8.75861
49342,3970,9.74127
49342,3986,9.46853
49342,4044,4.08493
49342,4244,8.99065
49342,1048,8.30514
46117,58,9.39096
46117,110,9.36989
46117,149,8.17351
46117,411,9.19542
46117,475,8.06358
46117,770,8.13799
46117,772,8.35871
46117,813,8.33637
46117,935,7.92504
46117,976,9.56524
46117,1057,6.75231
46117,1072,8.17229
46117,1096,8.12788
46117,1121,8.05663
46117,1279,7.99591
46117,1339,8.02214
46117,1493,10.39757
46117,1511,8.11549
46117,1534,9.80698
46117,1751,9.39157
46117,1886,9.42956
46117,2129,10.14534
46117,2253,8.01855
46117,2318,8.04186
46117,2353,8.25945
46117,2679,9.42374
46117,2971,9.40943
46117,3026,7.52589
46117,3036,6.59425
46117,3114,9.20045
46117,3121,9.43634
46117,3124,7.65165
46117,3363,7.98858
46117,3364,9.56446
46117,3562,9.45332
46117,3970,7.50146
46117,3986,8.5648
46117,4044,5.34512
46117,4244,9.15176
46117,1048,5.90842
46095,58,11.5827
46095,110,11.60819
46095,149,12.6687
46095,411,11.86052
46095,475,12.94401
46095,770,12.81864
46095,772,12.35571
46095,813,12.27367
46095,935,12.62939
46095,976,9.15944
46095,1057,9.00881
46095,1072,12.76386
46095,1096,11.54859
46095,1121,12.9455
46095,1279,13.0584
46095,1339,13.02588
46095,1493,9.39582
46095,1511,12.83952
46095,1534,8.02355
46095,1751,11.64643
46095,1886,11.51972
46095,2129,10.82288
46095,2253,13.02609
46095,2318,12.96942
46095,2353,12.4875
46095,2679,11.54466
46095,2971,11.56575
46095,3026,12.43131
46095,3036,11.18074
46095,3114,11.85544
46095,3121,11.50597
46095,3124,9.19992
46095,3363,13.05792
46095,3364,11.49061
46095,3562,11.50638
46095,3970,12.48905
46095,3986,12.2163
46095,4044,6.83271
46095,4244,11.73843
46095,1048,11.05291
23361,58,10.26259
23361,110,10.23659
23361,149,8.82662
23361,411,9.89715
23361,475,8.80942
23361,770,8.8452
23361,772,8.9212
23361,813,8.86849
23361,935,8.55938
23361,976,12.2623
23361,1057,9.20187
23361,1072,8.86334
23361,1096,8.46629
23361,1121,8.80113
23361,1279,8.78351
23361,1339,8.79958
23361,1493,12.45329
23361,1511,8.82667
23361,1534,13.61602
23361,1751,10.1566
23361,1886,10.32978
23361,2129,10.97353
23361,2253,8.7936
23361,2318,8.79362
23361,2353,8.85717
23361,2679,10.30091
23361,2971,10.27846
23361,3026,8.55002
23361,3036,7.95292
23361,3114,9.90461
23361,3121,10.34448
23361,3124,10.20086
23361,3363,8.7692
23361,3364,10.24299
23361,3562,10.34034
23361,3970,8.49439
23361,3986,9.10767
23361,4044,8.39836
23361,4244,10.11245
23361,1048,6.97101
36317,58,8.6653
36317,110,8.6738
36317,149,7.51373
36317,411,8.3616
36317,475,7.56101
36317,770,7.5735
36317,772,7.4901
36317,813,7.40216
36317,935,7.25196
36317,976,6.33201
36317,1057,5.4008
36317,1072,7.57898
36317,1096,6.7129
36317,1121,7.55242
36317,1279,7.55037
36317,1339,7.56335
36317,1493,6.60148
36317,1511,7.55864
36317,1534,5.22815
36317,1751,8.50624
36317,1886,8.65458
36317,2129,7.94219
36317,2253,7.5568
36317,2318,7.54837
36317,2353,7.48217
36317,2679,8.64559
36317,2971,8.6495
36317,3026,7.25075
36317,3036,6.30281
36317,3114,8.36862
36317,3121,8.65118
36317,3124,5.90222
36317,3363,7.53453
36317,3364,8.30309
36317,3562,8.62706
36317,3970,7.21476
36317,3986,7.60754
36317,4044,3.38499
36317,4244,8.88547
36317,1048,5.62889
16964,58,11.78735
16964,110,11.79585
16964,149,10.63579
16964,411,11.48365
16964,475,10.68306
16964,770,10.69555
16964,772,10.61215
16964,813,10.52421
16964,935,10.37401
16964,976,9.45406
16964,1057,8.52285
16964,1072,10.70103
16964,1096,9.83495
16964,1121,10.67447
16964,1279,10.67242
16964,1339,10.6854
16964,1493,9.72353
16964,1511,10.6807
16964,1534,8.3502
16964,1751,11.62829
16964,1886,11.77663
16964,2129,11.06424
16964,2253,10.67885
16964,2318,10.67042
16964,2353,10.60422
16964,2679,11.76764
16964,2971,11.77155
16964,3026,10.3728
16964,3036,9.42486
16964,3114,11.49067
16964,3121,11.77323
16964,3124,9.02427
16964,3363,10.65659
16964,3364,11.42515
16964,3562,11.74911
16964,3970,10.33681
16964,3986,10.7296
16964,4044,6.50704
16964,4244,12.00752
16964,1048,8.75094
42727,58,8.73741
42727,110,8.71587
42727,149,7.3038
42727,411,8.28808
42727,475,7.31828
42727,770,7.34467
42727,772,7.32328
42727,813,7.2444
42727,935,7.03727
42727,976,6.44711
42727,1057,5.27445
42727,1072,7.35665
42727,1096,6.60857
42727,1121,7.30987
42727,1279,7.29499
42727,1339,7.31108
42727,1493,6.77116
42727,1511,7.32775
42727,1534,5.40117
42727,1751,8.52999
42727,1886,8.80754
42727,2129,8.14872
42727,2253,7.30506
42727,2318,7.3034
42727,2353,7.29593
42727,2679,8.76235
42727,2971,8.7415
42727,3026,6.95909
42727,3036,6.0169
42727,3114,8.29639
42727,3121,8.82325
42727,3124,5.83895
42727,3363,7.28075
42727,3364,8.39207
42727,3562,8.78533
42727,3970,6.92503
42727,3986,7.4663
42727,4044,3.30995
42727,4244,8.59724
42727,1048,5.33708
49252,58,13.10705
49252,110,13.13288
49252,149,14.47998
49252,411,13.50031
49252,475,14.19579
49252,770,14.31971
49252,772,14.31795
49252,813,14.23839
49252,935,14.26926
49252,976,10.56758
49252,1057,10.03891
49252,1072,14.37059
49252,1096,13.47945
49252,1121,14.19724
49252,1279,14.06511
49252,1339,14.09995
49252,1493,10.91554
49252,1511,14.3038
49252,1534,9.56241
49252,1751,13.23911
49252,1886,13.0333
49252,2129,12.42116
49252,2253,14.10501
49252,2318,14.17336
49252,2353,14.45259
49252,2679,13.06978
49252,2971,13.09373
49252,3026,13.29897
49252,3036,12.04683
49252,3114,13.4929
49252,3121,13.01637
49252,3124,10.33036
49252,3363,14.08038
49252,3364,13.14485
49252,3562,13.02971
49252,3970,13.35419
49252,3986,14.14517
49252,4044,7.89413
49252,4244,13.17326
49252,1048,11.99252
61601,58,9.75861
61601,110,9.78445
61601,149,11.13155
61601,411,10.15187
61601,475,10.84736
61601,770,10.97128
61601,772,10.96951
61601,813,10.88995
61601,935,10.92083
61601,976,7.21915
61601,1057,6.69048
61601,1072,11.02215
61601,1096,10.13102
61601,1121,10.8488
61601,1279,10.71668
61601,1339,10.75152
61601,1493,7.56711
61601,1511,10.95537
61601,1534,6.21398
61601,1751,9.89067
61601,1886,9.68486
61601,2129,9.07273
61601,2253,10.75658
61601,2318,10.82493
61601,2353,11.10415
61601,2679,9.72135
61601,2971,9.7453
61601,3026,9.95053
61601,3036,8.6984
61601,3114,10.14446
61601,3121,9.66794
61601,3124,6.98193
61601,3363,10.73195
61601,3364,9.79642
61601,3562,9.68128
61601,3970,10.00576
61601,3986,10.79673
61601,4044,4.54569
61601,4244,9.82483
61601,1048,8.64409
10575,58,11.38484
10575,110,11.41032
10575,149,12.47083
10575,411,11.66266
10575,475,12.74614
10575,770,12.62077
10575,772,12.15784
10575,813,12.0758
10575,935,12.43152
10575,976,8.96157
10575,1057,8.81094
10575,1072,12.56599
10575,1096,11.35072
10575,1121,12.74763
10575,1279,12.86053
10575,1339,12.82802
10575,1493,9.19795
10575,1511,12.64165
10575,1534,7.82568
10575,1751,11.44857
10575,1886,11.32186
10575,2129,10.62501
10575,2253,12.82822
10575,2318,12.77155
10575,2353,12.28963
10575,2679,11.3468
10575,2971,11.36788
10575,3026,12.23344
10575,3036,10.98287
10575,3114,11.65757
10575,3121,11.3081
10575,3124,9.00205
10575,3363,12.86005
10575,3364,11.29274
10575,3562,11.30851
10575,3970,12.29118
10575,3986,12.01843
10575,4044,6.63484
10575,4244,11.54056
10575,1048,10.85504
55434,58,11.85654
55434,110,11.86539
55434,149,10.76555
55434,411,11.57375
55434,475,10.82351
55434,770,10.83114
55434,772,10.73
55434,813,10.64006
55434,935,10.50591
55434,976,9.56529
55434,1057,8.68486
55434,1072,10.83446
55434,1096,9.9401
55434,1121,10.81488
55434,1279,10.8177
55434,1339,10.82943
55434,1493,9.81866
55434,1511,10.81702
55434,1534,8.44484
55434,1751,11.70262
55434,1886,11.84739
55434,2129,11.14062
55434,2253,10.82268
55434,2318,10.81172
55434,2353,10.72726
55434,2679,11.83703
55434,2971,11.84072
55434,3026,10.53813
55434,3036,9.59971
55434,3114,11.58041
55434,3121,11.84489
55434,3124,9.17508
55434,3363,10.80127
55434,3364,11.4967
55434,3562,11.81944
55434,3970,10.50026
55434,3986,10.84071
55434,4044,6.66099
55434,4244,12.11038
55434,1048,8.91674
26654,58,10.79663
26654,110,10.80524
26654,149,9.62928
26654,411,10.48804
26654,475,9.67337
26654,770,9.68731
26654,772,9.60912
26654,813,9.52177
26654,935,9.36693
26654,976,8.44873
26654,1057,7.5036
26654,1072,9.69342
26654,1096,8.83565
26654,1121,9.66479
26654,1279,9.66127
26654,1339,9.67463
26654,1493,8.72315
26654,1511,9.67223
26654,1534,7.35004
26654,1751,10.63681
26654,1886,10.78465
26654,2129,10.07009
26654,2253,9.66814
26654,2318,9.66047
26654,2353,9.59969
26654,2679,10.77655
26654,2971,10.78075
26654,3026,9.35538
26654,3036,8.40401
26654,3114,10.49515
26654,3121,10.78076
26654,3124,8.00783
26654,3363,9.64562
26654,3364,10.43431
26654,3562,10.75739
26654,3970,9.32002
26654,3986,9.72847
26654,4044,5.48983
26654,4244,10.99378
26654,1048,7.73344
36241,58,6.7716
36241,110,6.79737
36241,149,7.90561
36241,411,7.06956
36241,475,8.18271
36241,770,8.05767
36241,772,7.59382
36241,813,7.5103
36241,935,7.83748
36241,976,4.31964
36241,1057,4.09236
36241,1072,8.00286
36241,1096,6.7758
36241,1121,8.18453
36241,1279,8.225
36241,1339,8.2347
36241,1493,4.57598
36241,1511,8.07834
36241,1534,3.20546
36241,1751,6.84656
36241,1886,6.70632
36241,2129,6.01923
36241,2253,8.24211
36241,2318,8.20833
36241,2353,7.7245
36241,2679,6.73336
36241,2971,6.75508
36241,3026,7.47109
36241,3036,6.21925
36241,3114,7.0641
36241,3121,6.69194
36241,3124,4.30573
36241,3363,8.24753
36241,3364,6.69854
36241,3562,6.69447
36241,3970,7.52618
36241,3986,7.45519
36241,4044,1.92214
36241,4244,6.91375
36241,1048,6.09631
52394,58,9.15541
52394,110,9.17769
52394,149,10.05109
52394,411,9.31676
52394,475,10.30599
52394,770,10.18436
52394,772,9.73801
52394,813,9.67021
52394,935,10.12946
52394,976,7.03842
52394,1057,7.67052
52394,1072,10.13063
52394,1096,9.04399
52394,1121,10.30852
52394,1279,10.42451
52394,1339,10.38881
52394,1493,7.10714
52394,1511,10.20691
52394,1534,5.74263
52394,1751,9.15494
52394,1886,9.10957
52394,2129,8.38434
52394,2253,10.38772
52394,2318,10.33174
52394,2353,9.87545
52394,2679,9.12087
52394,2971,9.137
52394,3026,11.01146
52394,3036,10.4591
52394,3114,9.31357
52394,3121,9.10039
52394,3124,7.59902
52394,3363,10.41899
52394,3364,8.96547
52394,3562,9.0884
52394,3970,11.04923
52394,3986,9.58109
52394,4044,5.47429
52394,4244,9.37695
52394,1048,10.47001
7347,58,10.5586
7347,110,10.58437
7347,149,11.69261
7347,411,10.85656
7347,475,11.9697
7347,770,11.84467
7347,772,11.38082
7347,813,11.29729
7347,935,11.62448
7347,976,8.10664
7347,1057,7.87936
7347,1072,11.78986
7347,1096,10.5628
7347,1121,11.97153
7347,1279,12.012
7347,1339,12.0217
7347,1493,8.36298
7347,1511,11.86534
7347,1534,6.99246
7347,1751,10.63356
7347,1886,10.49332
7347,2129,9.80623
7347,2253,12.02911
7347,2318,11.99533
7347,2353,11.51149
7347,2679,10.52035
7347,2971,10.54208
7347,3026,11.25809
7347,3036,10.00625
7347,3114,10.8511
7347,3121,10.47893
7347,3124,8.09273
7347,3363,12.03453
7347,3364,10.48554
7347,3562,10.48147
7347,3970,11.31318
7347,3986,11.24219
7347,4044,5.70914
7347,4244,10.70075
7347,1048,9.88331
7416,58,9.00049
7416,110,8.97895
7416,149,7.56688
7416,411,8.55117
7416,475,7.58137
7416,770,7.60776
7416,772,7.58636
7416,813,7.50749
7416,935,7.30035
7416,976,6.71019
7416,1057,5.53753
7416,1072,7.61974
7416,1096,6.87166
7416,1121,7.57296
7416,1279,7.55808
7416,1339,7.57416
7416,1493,7.03425
7416,1511,7.59083
7416,1534,5.66425
7416,1751,8.79308
7416,1886,9.07062
7416,2129,8.4118
7416,2253,7.56815
7416,2318,7.56648
7416,2353,7.55902
7416,2679,9.02544
7416,2971,9.00459
7416,3026,7.22217
7416,3036,6.27999
7416,3114,8.55947
7416,3121,9.08633
7416,3124,6.10203
7416,3363,7.54384
7416,3364,8.65515
7416,3562,9.04842
7416,3970,7.18812
7416,3986,7.72939
7416,4044,3.57303
7416,4244,8.86033
7416,1048,5.60017
55428,58,7.73557
55428,110,7.72296
55428,149,6.73733
55428,411,7.3343
55428,475,6.92916
55428,770,6.8665
55428,772,6.58761
55428,813,6.48611
55428,935,6.53385
55428,976,8.57977
55428,1057,9.674
55428,1072,6.84173
55428,1096,5.72915
55428,1121,6.92152
55428,1279,7.00298
55428,1339,6.99071
55428,1493,7.92908
55428,1511,6.8645
55428,1534,7.10876
55428,1751,7.52446
55428,1886,7.79413
55428,2129,7.6741
55428,2253,6.98227
55428,2318,6.93275
55428,2353,6.63091
55428,2679,7.75049
55428,2971,7.73319
55428,3026,7.34707
55428,3036,7.55081
55428,3114,7.34144
55428,3121,7.8094
55428,3124,10.44481
55428,3363,6.98
55428,3364,7.38521
55428,3562,7.77231
55428,3970,7.25097
55428,3986,6.64776
55428,4044,7.95183
55428,4244,7.87172
55428,1048,6.26555
20166,58,9.99241
20166,110,10.0179
20166,149,11.07841
20166,411,10.27023
20166,475,11.35372
20166,770,11.22835
20166,772,10.76542
20166,813,10.68338
20166,935,11.0391
20166,976,7.56914
20166,1057,7.41852
20166,1072,11.17356
20166,1096,9.9583
20166,1121,11.35521
20166,1279,11.46811
20166,1339,11.43559
20166,1493,7.80553
20166,1511,11.24923
20166,1534,6.43326
20166,1751,10.05614
20166,1886,9.92943
20166,2129,9.23259
20166,2253,11.4358
20166,2318,11.37913
20166,2353,10.89721
20166,2679,9.95437
20166,2971,9.97545
20166,3026,10.84102
20166,3036,9.59045
20166,3114,10.26515
20166,3121,9.91568
20166,3124,7.60963
20166,3363,11.46763
20166,3364,9.90032
20166,3562,9.91609
20166,3970,10.89875
20166,3986,10.62601
20166,4044,5.24242
20166,4244,10.14813
20166,1048,9.46262
26883,58,12.20132
26883,110,12.22681
26883,149,13.28732
26883,411,12.47914
26883,475,13.56263
26883,770,13.43726
26883,772,12.97433
26883,813,12.89229
26883,935,13.24801
26883,976,9.77805
26883,1057,9.62743
26883,1072,13.38247
26883,1096,12.16721
26883,1121,13.56412
26883,1279,13.67702
26883,1339,13.6445
26883,1493,10.01444
26883,1511,13.45814
26883,1534,8.64217
26883,1751,12.26505
26883,1886,12.13834
26883,2129,11.4415
26883,2253,13.64471
26883,2318,13.58804
26883,2353,13.10612
26883,2679,12.16328
26883,2971,12.18436
26883,3026,13.04993
26883,3036,11.79936
26883,3114,12.47406
26883,3121,12.12459
26883,3124,9.81854
26883,3363,13.67654
26883,3364,12.10923
26883,3562,12.125
26883,3970,13.10766
26883,3986,12.83492
26883,4044,7.45133
26883,4244,12.35704
26883,1048,11.67153
42816,58,8.66897
42816,110,8.67748
42816,149,7.51741
42816,411,8.36528
42816,475,7.56469
42816,770,7.57718
42816,772,7.49377
42816,813,7.40583
42816,935,7.25564
42816,976,6.33569
42816,1057,5.40448
42816,1072,7.58266
42816,1096,6.71658
42816,1121,7.5561
42816,1279,7.55405
42816,1339,7.56703
42816,1493,6.60516
42816,1511,7.56232
42816,1534,5.23183
42816,1751,8.50991
42816,1886,8.65826
42816,2129,7.94586
42816,2253,7.56048
42816,2318,7.55205
42816,2353,7.48585
42816,2679,8.64926
42816,2971,8.65317
42816,3026,7.25443
42816,3036,6.30648
42816,3114,8.3723
42816,3121,8.65486
42816,3124,5.9059
42816,3363,7.53821
42816,3364,8.30677
42816,3562,8.63074
42816,3970,7.21844
42816,3986,7.61122
42816,4044,3.38866
42816,4244,8.88914
42816,1048,5.63257
17099,58,9.9708
17099,110,9.99628
17099,149,11.05679
17099,411,10.24862
17099,475,11.3321
17099,770,11.20673
17099,772,10.7438
17099,813,10.66176
17099,935,11.01748
17099,976,7.54753
17099,1057,7.3969
17099,1072,11.15195
17099,1096,9.93669
17099,1121,11.33359
17099,1279,11.44649
17099,1339,11.41398
17099,1493,7.78391
17099,1511,11.22762
17099,1534,6.41164
17099,1751,10.03453
17099,1886,9.90782
17099,2129,9.21097
17099,2253,11.41418
17099,2318,11.35752
17099,2353,10.87559
17099,2679,9.93276
17099,2971,9.95384
17099,3026,10.8194
17099,3036,9.56883
17099,3114,10.24354
17099,3121,9.89406
17099,3124,7.58801
17099,3363,11.44601
17099,3364,9.87871
17099,3562,9.89447
17099,3970,10.87714
17099,3986,10.60439
17099,4044,5.2208
17099,4244,10.12652
17099,1048,9.441
39505,58,9.20534
39505,110,9.23083
39505,149,10.29134
39505,411,9.48316
39505,475,10.56665
39505,770,10.44128
39505,772,9.97835
39505,813,9.89631
39505,935,10.25203
39505,976,6.78207
39505,1057,6.63145
39505,1072,10.38649
39505,1096,9.17123
39505,1121,10.56814
39505,1279,10.68103
39505,1339,10.64852
39505,1493,7.01845
39505,1511,10.46216
39505,1534,5.64618
39505,1751,9.26907
39505,1886,9.14236
39505,2129,8.44552
39505,2253,10.64873
39505,2318,10.59206
39505,2353,10.11013
39505,2679,9.1673
39505,2971,9.18838
39505,3026,10.05394
39505,3036,8.80338
39505,3114,9.47808
39505,3121,9.1286
39505,3124,6.82255
39505,3363,10.68055
39505,3364,9.11325
39505,3562,9.12902
39505,3970,10.11168
39505,3986,9.83894
39505,4044,4.45534
39505,4244,9.36106
39505,1048,8.67555
39528,58,4.23085
39528,110,4.22104
39528,149,3.43019
39528,411,3.85858
39528,475,3.66485
39528,770,3.5781
39528,772,3.22841
39528,813,3.12399
39528,935,3.26955
39528,976,5.34185
39528,1057,7.89155
39528,1072,3.54296
39528,1096,2.34078
39528,1121,3.65843
39528,1279,3.76313
39528,1339,3.74257
39528,1493,4.56009
39528,1511,3.5816
39528,1534,4.11323
39528,1751,4.02324
39528,1886,4.28353
39528,2129,4.12454
39528,2253,3.73442
39528,2318,3.67451
39528,2353,3.29593
39528,2679,4.24163
39528,2971,4.22637
39528,3026,4.29674
39528,3036,5.00865
39528,3114,3.86505
39528,3121,4.29764
39528,3124,7.29429
39528,3363,3.74027
39528,3364,3.86754
39528,3562,4.25964
39528,3970,4.19872
39528,3986,3.25254
39528,4044,8.80407
39528,4244,4.39629
39528,1048,3.74236
33042,58,10.38338
33042,110,10.36184
33042,149,8.94977
33042,411,9.93406
33042,475,8.96426
33042,770,8.99065
33042,772,8.96925
33042,813,8.89038
33042,935,8.68324
33042,976,8.09308
33042,1057,6.92042
33042,1072,9.00263
33042,1096,8.25455
33042,1121,8.95585
33042,1279,8.94097
33042,1339,8.95705
33042,1493,8.41714
33042,1511,8.97372
33042,1534,7.04714
33042,1751,10.17597
33042,1886,10.45351
33042,2129,9.79469
33042,2253,8.95104
33042,2318,8.94937
33042,2353,8.94191
33042,2679,10.40833
33042,2971,10.38747
33042,3026,8.60506
33042,3036,7.66287
33042,3114,9.94236
33042,3121,10.46922
33042,3124,7.48492
33042,3363,8.92673
33042,3364,10.03804
33042,3562,10.43131
33042,3970,8.57101
33042,3986,9.11228
33042,4044,4.95592
33042,4244,10.24322
33042,1048,6.98306
7426,58,8.39124
7426,110,8.41352
7426,149,9.28692
7426,411,8.55259
7426,475,9.54182
7426,770,9.42019
7426,772,8.97384
7426,813,8.90604
7426,935,9.36529
7426,976,6.27425
7426,1057,6.90635
7426,1072,9.36646
7426,1096,8.27982
7426,1121,9.54435
7426,1279,9.66034
7426,1339,9.62463
7426,1493,6.34297
7426,1511,9.44274
7426,1534,4.97846
7426,1751,8.39077
7426,1886,8.3454
7426,2129,7.62017
7426,2253,9.62355
7426,2318,9.56757
7426,2353,9.11128
7426,2679,8.3567
7426,2971,8.37283
7426,3026,10.24729
7426,3036,9.69493
7426,3114,8.5494
7426,3121,8.33622
7426,3124,6.83485
7426,3363,9.65482
7426,3364,8.2013
7426,3562,8.32423
7426,3970,10.28506
7426,3986,8.81692
7426,4044,4.71012
7426,4244,8.61278
7426,1048,9.70584
